{
	"credit": "Made with Blockbench",
	"textures": {
		"0": "block/headphones",
		"particle": "block/headphones"
	},
	"elements": [
		{
			"from": [2.5, 6, 7],
			"to": [3, 7, 9],
			"faces": {
				"north": {"uv": [2, 0, 2.5, 1], "texture": "#0"},
				"east": {"uv": [0, 0, 2, 1], "texture": "#0"},
				"south": {"uv": [2, 0, 2.5, 1], "texture": "#0"},
				"west": {"uv": [2, 0, 4, 1], "texture": "#0"},
				"up": {"uv": [0, 0, 0.5, 2], "texture": "#0"}
			}
		},
		{
			"from": [2.78909, 4.95337, 7],
			"to": [3.28909, 6.95337, 9],
			"rotation": {"angle": -22.5, "axis": "z", "origin": [7.78909, 6.70337, 8]},
			"faces": {
				"north": {"uv": [2, 0, 2.5, 2], "texture": "#0"},
				"east": {"uv": [0, 0, 2, 2], "texture": "#0"},
				"south": {"uv": [2, 0, 2.5, 2], "texture": "#0"},
				"west": {"uv": [2, 0, 4, 2], "texture": "#0"},
				"up": {"uv": [0, 0, 0.5, 2], "texture": "#0"}
			}
		},
		{
			"from": [3.03834, 4.79966, 7],
			"to": [3.53834, 6.79966, 9],
			"rotation": {"angle": -45, "axis": "z", "origin": [8.03834, 6.54966, 8]},
			"faces": {
				"north": {"uv": [2, 0, 2.5, 2], "texture": "#0"},
				"east": {"uv": [0, 0, 2, 2], "texture": "#0"},
				"south": {"uv": [2, 0, 2.5, 2], "texture": "#0"},
				"west": {"uv": [2, 0, 4, 2], "texture": "#0"},
				"up": {"uv": [0, 0, 0.5, 2], "texture": "#0"}
			}
		},
		{
			"from": [6.45979, 10.81227, 7],
			"to": [8.45979, 11.31227, 9],
			"rotation": {"angle": 22.5, "axis": "z", "origin": [8.20979, 6.31227, 8]},
			"faces": {
				"north": {"uv": [2, 0, 2.5, 2], "rotation": 270, "texture": "#0"},
				"east": {"uv": [0, 0, 0.5, 2], "rotation": 90, "texture": "#0"},
				"south": {"uv": [2, 0, 2.5, 2], "rotation": 90, "texture": "#0"},
				"up": {"uv": [2, 0, 4, 2], "rotation": 90, "texture": "#0"},
				"down": {"uv": [0, 0, 2, 2], "rotation": 90, "texture": "#0"}
			}
		},
		{
			"from": [6.52266, 10.52734, 7],
			"to": [9.47266, 11.02734, 9],
			"rotation": {"angle": 0, "axis": "z", "origin": [9.27266, 6.02734, 8]},
			"faces": {
				"north": {"uv": [2, 0, 2.5, 2.95], "rotation": 270, "texture": "#0"},
				"south": {"uv": [2, 0, 2.5, 2.95], "rotation": 90, "texture": "#0"},
				"up": {"uv": [2, 0, 4, 2.95], "rotation": 90, "texture": "#0"},
				"down": {"uv": [0, 0, 2, 2.95], "rotation": 90, "texture": "#0"}
			}
		},
		{
			"from": [7.54021, 10.81227, 7],
			"to": [9.54021, 11.31227, 9],
			"rotation": {"angle": -22.5, "axis": "z", "origin": [7.79021, 6.31227, 8]},
			"faces": {
				"north": {"uv": [2, 0, 2.5, 2], "rotation": 90, "texture": "#0"},
				"south": {"uv": [2, 0, 2.5, 2], "rotation": 270, "texture": "#0"},
				"west": {"uv": [0, 0, 0.5, 2], "rotation": 90, "texture": "#0"},
				"up": {"uv": [2, 0, 4, 2], "rotation": 270, "texture": "#0"},
				"down": {"uv": [0, 0, 2, 2], "rotation": 270, "texture": "#0"}
			}
		},
		{
			"from": [12.85586, 4.72345, 7],
			"to": [13.35586, 6.72345, 9],
			"rotation": {"angle": 45, "axis": "z", "origin": [8.06676, 6.03572, 7.57931]},
			"faces": {
				"north": {"uv": [2, 0, 2.5, 2], "texture": "#0"},
				"east": {"uv": [2, 0, 4, 2], "texture": "#0"},
				"south": {"uv": [2, 0, 2.5, 2], "texture": "#0"},
				"west": {"uv": [0, 0, 2, 2], "texture": "#0"},
				"up": {"uv": [0, 0, 0.5, 2], "rotation": 180, "texture": "#0"}
			}
		},
		{
			"from": [12.86057, 4.98314, 7],
			"to": [13.36057, 6.98314, 9],
			"rotation": {"angle": 22.5, "axis": "z", "origin": [8.36057, 6.34204, 7.57931]},
			"faces": {
				"north": {"uv": [2, 0, 2.5, 2], "texture": "#0"},
				"east": {"uv": [2, 0, 4, 2], "texture": "#0"},
				"south": {"uv": [2, 0, 2.5, 2], "texture": "#0"},
				"west": {"uv": [0, 0, 2, 2], "texture": "#0"},
				"up": {"uv": [0, 0, 0.5, 2], "rotation": 180, "texture": "#0"}
			}
		},
		{
			"from": [13, 6, 7],
			"to": [13.5, 7, 9],
			"rotation": {"angle": 0, "axis": "y", "origin": [8.70979, 7.56227, 8]},
			"faces": {
				"north": {"uv": [2, 0, 2.5, 1], "texture": "#0"},
				"east": {"uv": [2, 0, 4, 1], "texture": "#0"},
				"south": {"uv": [2, 0, 2.5, 1], "texture": "#0"},
				"west": {"uv": [0, 0, 2, 1], "texture": "#0"},
				"up": {"uv": [0, 0, 0.5, 2], "rotation": 180, "texture": "#0"}
			}
		},
		{
			"from": [2.25, 3.60104, 4.02261],
			"to": [3, 4.60104, 5.67261],
			"rotation": {"angle": -45, "axis": "x", "origin": [8.25, 6.60104, 4.52261]},
			"faces": {
				"east": {"uv": [0, 0, 1.65, 1], "texture": "#0"},
				"west": {"uv": [2, 0, 3.65, 1], "texture": "#0"},
				"up": {"uv": [2, 0, 2.75, 1.65], "texture": "#0"}
			}
		},
		{
			"from": [2.25, 0.64142, 6.98223],
			"to": [3, 1.64142, 8.63223],
			"rotation": {"angle": -45, "axis": "x", "origin": [8.25, 3.64142, 7.48223]},
			"faces": {
				"east": {"uv": [0, 0, 1.65, 1], "texture": "#0"},
				"west": {"uv": [2, 0, 3.65, 1], "texture": "#0"},
				"down": {"uv": [2, 0, 2.75, 1.65], "texture": "#0"}
			}
		},
		{
			"from": [2.25, 1.56811, 5.68055],
			"to": [3, 2.56811, 7.33055],
			"rotation": {"angle": 45, "axis": "x", "origin": [2.625, 2.06811, 6.55555]},
			"faces": {
				"east": {"uv": [0, 0, 1.65, 1], "texture": "#0"},
				"west": {"uv": [2, 0, 3.65, 1], "texture": "#0"},
				"down": {"uv": [2, 0, 2.75, 1.65], "texture": "#0"}
			}
		},
		{
			"from": [2.25, 4.52773, 8.64017],
			"to": [3, 5.52773, 10.29017],
			"rotation": {"angle": 45, "axis": "x", "origin": [2.625, 5.02773, 9.51517]},
			"faces": {
				"east": {"uv": [0, 0, 1.65, 1], "texture": "#0"},
				"west": {"uv": [2, 0, 3.65, 1], "texture": "#0"},
				"up": {"uv": [2, 0, 2.75, 1.65], "texture": "#0"}
			}
		},
		{
			"from": [2.25, 1.16655, 6.75],
			"to": [3, 6.00155, 9.25],
			"rotation": {"angle": 0, "axis": "y", "origin": [8.25, 4.16655, 8]},
			"faces": {
				"east": {"uv": [4, 0, 6.5, 4.835], "texture": "#0"},
				"west": {"uv": [7, 0, 9.5, 4.835], "texture": "#0"},
				"up": {"uv": [2, 0, 2.75, 2.5], "texture": "#0"},
				"down": {"uv": [2, 0, 2.75, 2.5], "texture": "#0"}
			}
		},
		{
			"from": [2.25, 2.33327, 5.58327],
			"to": [3, 4.83327, 10.41827],
			"rotation": {"angle": 0, "axis": "x", "origin": [2.625, 3.58327, 9.88327]},
			"faces": {
				"north": {"uv": [2, 0, 2.75, 2.5], "rotation": 180, "texture": "#0"},
				"east": {"uv": [4, 0, 6.5, 4.835], "rotation": 270, "texture": "#0"},
				"south": {"uv": [2, 0, 2.75, 2.5], "texture": "#0"},
				"west": {"uv": [7, 0, 9.5, 4.835], "rotation": 90, "texture": "#0"}
			}
		},
		{
			"from": [2, 4.1, 7.28327],
			"to": [2.25, 5.1, 8.78327],
			"rotation": {"angle": 0, "axis": "x", "origin": [2.625, 3.58327, 6.08327]},
			"faces": {
				"west": {"uv": [0, 0, 1.5, 1], "rotation": 180, "texture": "#0"},
				"up": {"uv": [0, 0, 0.25, 1.5], "texture": "#0"}
			}
		},
		{
			"from": [2, 2.11508, 7.28327],
			"to": [2.25, 3.11508, 8.78327],
			"rotation": {"angle": 0, "axis": "x", "origin": [2.625, 4.59835, 6.08327]},
			"faces": {
				"west": {"uv": [0, 0, 1.5, 1], "rotation": 180, "texture": "#0"},
				"down": {"uv": [0, 0, 0.25, 1.5], "texture": "#0"}
			}
		},
		{
			"from": [2, 2.85754, 6.54081],
			"to": [2.25, 4.35754, 9.52581],
			"rotation": {"angle": 0, "axis": "x", "origin": [2.625, 5.25754, 4.78013]},
			"faces": {
				"north": {"uv": [0, 0, 0.25, 1.5], "rotation": 180, "texture": "#0"},
				"south": {"uv": [0, 0, 0.25, 1.5], "texture": "#0"},
				"west": {"uv": [0, 0, 1.5, 2.985], "rotation": 270, "texture": "#0"}
			}
		},
		{
			"from": [1.9, 2.85754, 7.29081],
			"to": [2, 4.35754, 8.79081],
			"rotation": {"angle": 0, "axis": "x", "origin": [2.625, 5.25754, 4.78013]},
			"faces": {
				"north": {"uv": [2, 0, 2.25, 1.5], "rotation": 180, "texture": "#0"},
				"south": {"uv": [2, 0, 2.25, 1.5], "texture": "#0"},
				"west": {"uv": [2, 0, 3.5, 2.985], "rotation": 270, "texture": "#0"},
				"up": {"uv": [2, 0, 2.25, 2.985], "texture": "#0"},
				"down": {"uv": [2, 0, 2.25, 2.985], "rotation": 180, "texture": "#0"}
			}
		},
		{
			"from": [2, 2.63015, 8.08475],
			"to": [2.25, 3.63015, 9.13475],
			"rotation": {"angle": -45, "axis": "x", "origin": [2.625, 2.13015, 6.43475]},
			"faces": {
				"west": {"uv": [0, 0, 1.05, 1], "rotation": 180, "texture": "#0"},
				"up": {"uv": [0, 0, 0.25, 1.05], "texture": "#0"}
			}
		},
		{
			"from": [2, 0.50901, 8.20589],
			"to": [2.25, 1.50901, 9.25589],
			"rotation": {"angle": -45, "axis": "x", "origin": [2.625, 2.00901, 6.55589]},
			"faces": {
				"west": {"uv": [0, 0, 1.05, 1], "rotation": 180, "texture": "#0"},
				"down": {"uv": [0, 0, 0.25, 1.05], "texture": "#0"}
			}
		},
		{
			"from": [2, 0.97071, 5.52053],
			"to": [2.25, 2.02071, 6.52053],
			"rotation": {"angle": -45, "axis": "x", "origin": [2.625, 3.67071, 5.02053]},
			"faces": {
				"north": {"uv": [0, 0, 0.25, 1.05], "rotation": 180, "texture": "#0"},
				"west": {"uv": [0, 0, 1.05, 1], "rotation": 270, "texture": "#0"}
			}
		},
		{
			"from": [2, 1.09185, 7.64167],
			"to": [2.25, 2.14185, 8.64167],
			"rotation": {"angle": -45, "axis": "x", "origin": [2.625, 3.79185, 5.14167]},
			"faces": {
				"south": {"uv": [0, 0, 0.25, 1.05], "texture": "#0"},
				"west": {"uv": [0, 0, 1.05, 1], "rotation": 270, "texture": "#0"}
			}
		},
		{
			"from": [3, 2.33579, 5.33579],
			"to": [4, 4.83579, 6.33579],
			"rotation": {"angle": 0, "axis": "y", "origin": [10, 7.28579, 7.58579]},
			"faces": {
				"north": {"uv": [0, 0, 1, 2.5], "texture": "#0"},
				"east": {"uv": [0, 0, 1, 2.5], "texture": "#0"},
				"south": {"uv": [0, 0, 1, 2.5], "texture": "#0"},
				"west": {"uv": [2, 0, 3, 2.5], "texture": "#0"},
				"up": {"uv": [0, 0, 1, 1], "texture": "#0"},
				"down": {"uv": [0, 0, 1, 1], "texture": "#0"}
			}
		},
		{
			"from": [3, 2.33579, 9.66421],
			"to": [4, 4.83579, 10.66421],
			"rotation": {"angle": 0, "axis": "y", "origin": [10, 7.28579, 8.41421]},
			"faces": {
				"north": {"uv": [0, 0, 1, 2.5], "texture": "#0"},
				"east": {"uv": [0, 0, 1, 2.5], "texture": "#0"},
				"south": {"uv": [0, 0, 1, 2.5], "texture": "#0"},
				"west": {"uv": [2, 0, 3, 2.5], "texture": "#0"},
				"up": {"uv": [0, 0, 1, 1], "texture": "#0"},
				"down": {"uv": [0, 0, 1, 1], "texture": "#0"}
			}
		},
		{
			"from": [3, 0.92157, 6.75],
			"to": [4, 1.92157, 9.25],
			"rotation": {"angle": 0, "axis": "x", "origin": [3.5, 3.17157, 8.65]},
			"faces": {
				"north": {"uv": [0, 0, 1, 1], "rotation": 180, "texture": "#0"},
				"east": {"uv": [0, 0, 1, 2.5], "rotation": 90, "texture": "#0"},
				"south": {"uv": [0, 0, 1, 1], "texture": "#0"},
				"west": {"uv": [2, 0, 3, 2.5], "rotation": 270, "texture": "#0"},
				"up": {"uv": [0, 0, 1, 2.5], "texture": "#0"},
				"down": {"uv": [0, 0, 1, 2.5], "rotation": 180, "texture": "#0"}
			}
		},
		{
			"from": [3, 0.93431, 7.38076],
			"to": [4, 1.93431, 9.38076],
			"rotation": {"angle": -45, "axis": "x", "origin": [3.5, 3.18431, 8.33076]},
			"faces": {
				"east": {"uv": [0, 0, 1, 2], "rotation": 90, "texture": "#0"},
				"west": {"uv": [2, 0, 3, 2], "rotation": 270, "texture": "#0"},
				"up": {"uv": [0, 0, 1, 2], "texture": "#0"},
				"down": {"uv": [0, 0, 1, 2], "rotation": 180, "texture": "#0"}
			}
		},
		{
			"from": [3, 2.96655, 9.65147],
			"to": [4, 4.96655, 10.65147],
			"rotation": {"angle": -45, "axis": "x", "origin": [3.5, 3.91655, 8.40147]},
			"faces": {
				"north": {"uv": [0, 0, 1, 2], "rotation": 180, "texture": "#0"},
				"east": {"uv": [0, 0, 1, 2], "rotation": 180, "texture": "#0"},
				"south": {"uv": [0, 0, 1, 2], "rotation": 180, "texture": "#0"},
				"west": {"uv": [2, 0, 3, 2], "rotation": 180, "texture": "#0"}
			}
		},
		{
			"from": [3, 5.25, 6.75],
			"to": [4, 6.25, 9.25],
			"rotation": {"angle": 0, "axis": "x", "origin": [3.5, 4, 8]},
			"faces": {
				"north": {"uv": [0, 0, 1, 1], "rotation": 180, "texture": "#0"},
				"east": {"uv": [0, 0, 1, 2.5], "rotation": 90, "texture": "#0"},
				"south": {"uv": [0, 0, 1, 1], "texture": "#0"},
				"west": {"uv": [2, 0, 3, 2.5], "rotation": 270, "texture": "#0"},
				"up": {"uv": [0, 0, 1, 2.5], "texture": "#0"},
				"down": {"uv": [0, 0, 1, 2.5], "rotation": 180, "texture": "#0"}
			}
		},
		{
			"from": [3, 5.16655, 6.64853],
			"to": [4, 6.16655, 8.64853],
			"rotation": {"angle": -45, "axis": "x", "origin": [3.5, 3.91655, 7.59853]},
			"faces": {
				"east": {"uv": [0, 0, 1, 2], "rotation": 90, "texture": "#0"},
				"west": {"uv": [2, 0, 3, 2], "rotation": 270, "texture": "#0"},
				"up": {"uv": [0, 0, 1, 2], "texture": "#0"},
				"down": {"uv": [0, 0, 1, 2], "rotation": 180, "texture": "#0"}
			}
		},
		{
			"from": [3, 2.23431, 5.41924],
			"to": [4, 4.23431, 6.41924],
			"rotation": {"angle": -45, "axis": "x", "origin": [3.5, 3.18431, 7.66924]},
			"faces": {
				"north": {"uv": [0, 0, 1, 2], "rotation": 180, "texture": "#0"},
				"east": {"uv": [0, 0, 1, 2], "rotation": 180, "texture": "#0"},
				"south": {"uv": [0, 0, 1, 2], "rotation": 180, "texture": "#0"},
				"west": {"uv": [2, 0, 3, 2], "rotation": 180, "texture": "#0"}
			}
		},
		{
			"from": [13.01148, 5.16964, 7.14746],
			"to": [13.76148, 6.16964, 8.79746],
			"rotation": {"angle": 45, "axis": "x", "origin": [13.3788, 3.60363, 7.97769]},
			"faces": {
				"east": {"uv": [2, 0, 3.65, 1], "texture": "#0"},
				"west": {"uv": [0, 0, 1.65, 1], "texture": "#0"},
				"up": {"uv": [2, 0, 2.75, 1.65], "rotation": 180, "texture": "#0"}
			}
		},
		{
			"from": [13.01935, 0.97533, 7.1468],
			"to": [13.76935, 1.97533, 8.7968],
			"rotation": {"angle": 45, "axis": "x", "origin": [13.38667, 3.59485, 7.97703]},
			"faces": {
				"east": {"uv": [2, 0, 3.65, 1], "texture": "#0"},
				"west": {"uv": [0, 0, 1.65, 1], "texture": "#0"},
				"down": {"uv": [2, 0, 2.75, 1.65], "rotation": 180, "texture": "#0"}
			}
		},
		{
			"from": [13.012, 1.01458, 7.12537],
			"to": [13.762, 2.01458, 8.77537],
			"rotation": {"angle": -45, "axis": "x", "origin": [13.37932, 3.60212, 7.97713]},
			"faces": {
				"east": {"uv": [2, 0, 3.65, 1], "texture": "#0"},
				"west": {"uv": [0, 0, 1.65, 1], "texture": "#0"},
				"down": {"uv": [2, 0, 2.75, 1.65], "rotation": 180, "texture": "#0"}
			}
		},
		{
			"from": [13.01864, 5.19443, 7.12595],
			"to": [13.76864, 6.19443, 8.77595],
			"rotation": {"angle": -45, "axis": "x", "origin": [13.38596, 3.59643, 7.97771]},
			"faces": {
				"east": {"uv": [2, 0, 3.65, 1], "texture": "#0"},
				"west": {"uv": [0, 0, 1.65, 1], "texture": "#0"},
				"up": {"uv": [2, 0, 2.75, 1.65], "rotation": 180, "texture": "#0"}
			}
		},
		{
			"from": [13.01536, 1.16655, 6.70476],
			"to": [13.76536, 6.00155, 9.20476],
			"rotation": {"angle": 0, "axis": "y", "origin": [13.38268, 3.5985, 7.97738]},
			"faces": {
				"east": {"uv": [7, 0, 9.5, 4.835], "texture": "#0"},
				"west": {"uv": [4, 0, 6.5, 4.835], "texture": "#0"},
				"up": {"uv": [2, 0, 2.75, 2.5], "rotation": 180, "texture": "#0"},
				"down": {"uv": [2, 0, 2.75, 2.5], "rotation": 180, "texture": "#0"}
			}
		},
		{
			"from": [13.01536, 2.33327, 5.53649],
			"to": [13.76536, 4.83327, 10.37149],
			"rotation": {"angle": 0, "axis": "y", "origin": [13.38268, 3.5985, 7.97738]},
			"faces": {
				"north": {"uv": [2, 0, 2.75, 2.5], "texture": "#0"},
				"east": {"uv": [7, 0, 9.5, 4.835], "rotation": 90, "texture": "#0"},
				"south": {"uv": [2, 0, 2.75, 2.5], "rotation": 180, "texture": "#0"},
				"west": {"uv": [4, 0, 6.5, 4.835], "rotation": 270, "texture": "#0"}
			}
		},
		{
			"from": [13.7654, 4.1, 7.23961],
			"to": [14.0154, 5.1, 8.73961],
			"rotation": {"angle": 0, "axis": "y", "origin": [13.8827, 3.6217, 8.01144]},
			"faces": {
				"east": {"uv": [0, 0, 1.5, 1], "rotation": 180, "texture": "#0"},
				"up": {"uv": [0, 0, 0.25, 1.5], "rotation": 180, "texture": "#0"}
			}
		},
		{
			"from": [13.7654, 2.11508, 7.23961],
			"to": [14.0154, 3.11508, 8.73961],
			"rotation": {"angle": 0, "axis": "y", "origin": [13.8827, 3.6217, 8.01144]},
			"faces": {
				"east": {"uv": [0, 0, 1.5, 1], "rotation": 180, "texture": "#0"},
				"down": {"uv": [0, 0, 0.25, 1.5], "rotation": 180, "texture": "#0"}
			}
		},
		{
			"from": [13.7654, 2.85754, 6.49708],
			"to": [14.0154, 4.35754, 9.48208],
			"rotation": {"angle": 0, "axis": "y", "origin": [13.8827, 3.6217, 8.01144]},
			"faces": {
				"north": {"uv": [0, 0, 0.25, 1.5], "texture": "#0"},
				"east": {"uv": [0, 0, 1.5, 2.985], "rotation": 270, "texture": "#0"},
				"south": {"uv": [0, 0, 0.25, 1.5], "rotation": 180, "texture": "#0"}
			}
		},
		{
			"from": [14.01544, 2.85754, 7.25437],
			"to": [14.11544, 4.35754, 8.75437],
			"rotation": {"angle": 0, "axis": "y", "origin": [14.05772, 3.61806, 8.02259]},
			"faces": {
				"north": {"uv": [2, 0, 2.25, 1.5], "texture": "#0"},
				"east": {"uv": [2, 0, 3.5, 2.985], "rotation": 270, "texture": "#0"},
				"south": {"uv": [2, 0, 2.25, 1.5], "rotation": 180, "texture": "#0"},
				"up": {"uv": [2, 0, 2.25, 2.985], "rotation": 180, "texture": "#0"},
				"down": {"uv": [2, 0, 2.25, 2.985], "texture": "#0"}
			}
		},
		{
			"from": [13.7654, 4.18191, 7.48102],
			"to": [14.0154, 5.18191, 8.53102],
			"rotation": {"angle": 45, "axis": "x", "origin": [13.8827, 3.6217, 8.01144]},
			"faces": {
				"east": {"uv": [0, 0, 1.05, 1], "rotation": 180, "texture": "#0"},
				"up": {"uv": [0, 0, 0.25, 1.05], "rotation": 180, "texture": "#0"}
			}
		},
		{
			"from": [13.7654, 2.01059, 7.48102],
			"to": [14.0154, 3.01059, 8.53102],
			"rotation": {"angle": 45, "axis": "x", "origin": [13.8827, 3.6217, 8.01144]},
			"faces": {
				"east": {"uv": [0, 0, 1.05, 1], "rotation": 180, "texture": "#0"},
				"down": {"uv": [0, 0, 0.25, 1.05], "rotation": 180, "texture": "#0"}
			}
		},
		{
			"from": [13.7654, 2.04146, 7.46099],
			"to": [14.0154, 3.04146, 8.51099],
			"rotation": {"angle": -45, "axis": "x", "origin": [13.8827, 3.6217, 8.01144]},
			"faces": {
				"east": {"uv": [0, 0, 1.05, 1], "rotation": 180, "texture": "#0"},
				"down": {"uv": [0, 0, 0.25, 1.05], "rotation": 180, "texture": "#0"}
			}
		},
		{
			"from": [13.7654, 3.07125, 6.42036],
			"to": [14.0154, 4.12125, 7.42036],
			"rotation": {"angle": 45, "axis": "x", "origin": [13.8827, 3.6217, 8.01144]},
			"faces": {
				"north": {"uv": [0, 0, 0.25, 1.05], "texture": "#0"},
				"east": {"uv": [0, 0, 1.05, 1], "rotation": 270, "texture": "#0"}
			}
		},
		{
			"from": [12, 2.33579, 5.33579],
			"to": [13, 4.83579, 6.33579],
			"rotation": {"angle": 0, "axis": "y", "origin": [19, 7.28579, 7.58579]},
			"faces": {
				"north": {"uv": [0, 0, 1, 2.5], "texture": "#0"},
				"east": {"uv": [2, 0, 3, 2.5], "texture": "#0"},
				"south": {"uv": [0, 0, 1, 2.5], "texture": "#0"},
				"west": {"uv": [0, 0, 1, 2.5], "texture": "#0"},
				"up": {"uv": [0, 0, 1, 1], "texture": "#0"},
				"down": {"uv": [0, 0, 1, 1], "texture": "#0"}
			}
		},
		{
			"from": [12, 2.33579, 9.66421],
			"to": [13, 4.83579, 10.66421],
			"rotation": {"angle": 0, "axis": "y", "origin": [19, 7.28579, 8.41421]},
			"faces": {
				"north": {"uv": [0, 0, 1, 2.5], "texture": "#0"},
				"east": {"uv": [2, 0, 3, 2.5], "texture": "#0"},
				"south": {"uv": [0, 0, 1, 2.5], "texture": "#0"},
				"west": {"uv": [0, 0, 1, 2.5], "texture": "#0"},
				"up": {"uv": [0, 0, 1, 1], "texture": "#0"},
				"down": {"uv": [0, 0, 1, 1], "texture": "#0"}
			}
		},
		{
			"from": [12, 0.92157, 6.75],
			"to": [13, 1.92157, 9.25],
			"rotation": {"angle": 0, "axis": "x", "origin": [12.5, 3.17157, 8.65]},
			"faces": {
				"north": {"uv": [0, 0, 1, 1], "rotation": 180, "texture": "#0"},
				"east": {"uv": [2, 0, 3, 2.5], "rotation": 90, "texture": "#0"},
				"south": {"uv": [0, 0, 1, 1], "texture": "#0"},
				"west": {"uv": [0, 0, 1, 2.5], "rotation": 270, "texture": "#0"},
				"up": {"uv": [0, 0, 1, 2.5], "texture": "#0"},
				"down": {"uv": [0, 0, 1, 2.5], "rotation": 180, "texture": "#0"}
			}
		},
		{
			"from": [12, 0.93431, 7.38076],
			"to": [13, 1.93431, 9.38076],
			"rotation": {"angle": -45, "axis": "x", "origin": [12.5, 3.18431, 8.33076]},
			"faces": {
				"east": {"uv": [2, 0, 3, 2.5], "rotation": 90, "texture": "#0"},
				"west": {"uv": [0, 0, 1, 2.5], "rotation": 270, "texture": "#0"},
				"up": {"uv": [0, 0, 1, 2], "texture": "#0"},
				"down": {"uv": [0, 0, 1, 2], "rotation": 180, "texture": "#0"}
			}
		},
		{
			"from": [12, 2.96655, 9.65147],
			"to": [13, 4.96655, 10.65147],
			"rotation": {"angle": -45, "axis": "x", "origin": [12.5, 3.91655, 8.40147]},
			"faces": {
				"north": {"uv": [0, 0, 1, 2], "rotation": 180, "texture": "#0"},
				"east": {"uv": [2, 0, 3, 2.5], "rotation": 180, "texture": "#0"},
				"south": {"uv": [0, 0, 1, 2], "rotation": 180, "texture": "#0"},
				"west": {"uv": [0, 0, 1, 2.5], "rotation": 180, "texture": "#0"}
			}
		},
		{
			"from": [12, 5.25, 6.75],
			"to": [13, 6.25, 9.25],
			"rotation": {"angle": 0, "axis": "x", "origin": [12.5, 4, 8]},
			"faces": {
				"north": {"uv": [0, 0, 1, 1], "rotation": 180, "texture": "#0"},
				"east": {"uv": [2, 0, 3, 2.5], "rotation": 90, "texture": "#0"},
				"south": {"uv": [0, 0, 1, 1], "texture": "#0"},
				"west": {"uv": [0, 0, 1, 2.5], "rotation": 270, "texture": "#0"},
				"up": {"uv": [0, 0, 1, 2.5], "texture": "#0"},
				"down": {"uv": [0, 0, 1, 2.5], "rotation": 180, "texture": "#0"}
			}
		},
		{
			"from": [12, 5.16655, 6.64853],
			"to": [13, 6.16655, 8.64853],
			"rotation": {"angle": -45, "axis": "x", "origin": [12.5, 3.91655, 7.59853]},
			"faces": {
				"east": {"uv": [2, 0, 3, 2.5], "rotation": 90, "texture": "#0"},
				"west": {"uv": [0, 0, 1, 2.5], "rotation": 270, "texture": "#0"},
				"up": {"uv": [0, 0, 1, 2], "texture": "#0"},
				"down": {"uv": [0, 0, 1, 2], "rotation": 180, "texture": "#0"}
			}
		},
		{
			"from": [12, 2.23431, 5.41924],
			"to": [13, 4.23431, 6.41924],
			"rotation": {"angle": -45, "axis": "x", "origin": [12.5, 3.18431, 7.66924]},
			"faces": {
				"north": {"uv": [0, 0, 1, 2], "rotation": 180, "texture": "#0"},
				"east": {"uv": [2, 0, 3, 2.5], "rotation": 180, "texture": "#0"},
				"south": {"uv": [0, 0, 1, 2], "rotation": 180, "texture": "#0"},
				"west": {"uv": [0, 0, 1, 2.5], "rotation": 180, "texture": "#0"}
			}
		}
	],
	"display": {
		"thirdperson_righthand": {
			"rotation": [135, 0, 0],
			"scale": [0.5, 0.5, 0.5]
		},
		"thirdperson_lefthand": {
			"rotation": [135, 0, 0],
			"scale": [0.5, 0.5, 0.5]
		},
		"firstperson_righthand": {
			"rotation": [-20, 11, 0],
			"translation": [1.5, 4.5, 0],
			"scale": [0.7, 0.7, 0.7]
		},
		"firstperson_lefthand": {
			"rotation": [-20, 11, 0],
			"translation": [1.5, 4.5, 0],
			"scale": [0.7, 0.7, 0.7]
		},
		"ground": {
			"translation": [0, 2, 0],
			"scale": [0.5, 0.5, 0.5]
		},
		"gui": {
			"rotation": [30, 225, 0],
			"translation": [0, 2.75, 0],
			"scale": [1.2, 1.2, 1.2]
		},
		"head": {
			"translation": [0, 7, 0],
			"scale": [1.6, 1.6, 1.6]
		},
		"fixed": {
			"translation": [0, 3.25, -1.75],
			"scale": [1.5, 1.5, 1.5]
		}
	},
	"groups": [
		{
			"name": "headband",
			"origin": [8.70979, 7.56227, 8],
			"children": [0, 1, 2, 3, 4, 5, 6, 7, 8]
		},
		{
			"name": "left_ear",
			"origin": [3.5, 3.18431, 7.66924],
			"children": [9, 10, 11, 12, 13, 14, 15, 16, 17, 18, 19, 20, 21, 22, 23, 24, 25, 26, 27, 28, 29, 30]
		},
		{
			"name": "left_ear",
			"origin": [3.5, 3.18431, 7.66924],
			"children": [31, 32, 33, 34, 35, 36, 37, 38, 39, 40, 41, 42, 43, 44, 45, 46, 47, 48, 49, 50, 51, 52]
		}
	]
}