{
	"gui_light": "front",
	"textures": {
		"0": "item/egg_bat",
		"1": "item/bucket",
		"particle": "item/bucket"
	},
	"elements": [
		{
			"name": "Cube",
			"from": [5, 1, 7.5],
			"to": [11, 15, 8.5],
			"faces": {
				"north": {"uv": [11, 1, 5, 15], "texture": "#1"},
				"east": {"uv": [5, 14, 6, 15], "texture": "#0"},
				"south": {"uv": [5, 1, 11, 15], "texture": "#0"},
				"west": {"uv": [5, 14, 6, 15], "texture": "#0"},
				"up": {"uv": [5, 14, 11, 15], "texture": "#0"},
				"down": {"uv": [5, 14, 11, 15], "texture": "#0"}
			}
		},
		{
			"name": "Cube",
			"from": [11, 2, 7.5],
			"to": [12, 14, 8.5],
			"faces": {
				"north": {"uv": [11, 2, 12, 14], "texture": "#1"},
				"east": {"uv": [5, 14, 6, 15], "texture": "#0"},
				"south": {"uv": [11, 2, 12, 14], "texture": "#0"},
				"up": {"uv": [5, 14, 6, 15], "texture": "#0"},
				"down": {"uv": [5, 14, 6, 15], "texture": "#0"}
			}
		},
		{
			"name": "Cube",
			"from": [4, 2, 7.5],
			"to": [5, 14, 8.5],
			"faces": {
				"north": {"uv": [4, 2, 5, 14], "texture": "#1"},
				"south": {"uv": [4, 2, 5, 14], "texture": "#0"},
				"west": {"uv": [5, 14, 6, 15], "texture": "#0"},
				"up": {"uv": [5, 14, 6, 15], "texture": "#0"},
				"down": {"uv": [5, 14, 6, 15], "texture": "#0"}
			}
		},
		{
			"name": "Cube",
			"from": [3, 3, 7.5],
			"to": [4, 14, 8.5],
			"faces": {
				"north": {"uv": [3, 2, 4, 13], "texture": "#1"},
				"south": {"uv": [3, 2, 4, 13], "texture": "#0"},
				"west": {"uv": [5, 14, 6, 15], "texture": "#0"},
				"up": {"uv": [5, 14, 6, 15], "texture": "#0"},
				"down": {"uv": [5, 14, 6, 15], "texture": "#0"}
			}
		},
		{
			"name": "Cube",
			"from": [12, 3, 7.5],
			"to": [13, 14, 8.5],
			"faces": {
				"north": {"uv": [12, 2, 13, 13], "texture": "#1"},
				"east": {"uv": [5, 14, 6, 15], "texture": "#0"},
				"south": {"uv": [12, 2, 13, 13], "texture": "#0"},
				"up": {"uv": [5, 14, 6, 15], "texture": "#0"},
				"down": {"uv": [5, 14, 6, 15], "texture": "#0"}
			}
		},
		{
			"name": "Cube",
			"from": [13, 5, 7.5],
			"to": [14, 13, 8.5],
			"faces": {
				"north": {"uv": [13, 3, 14, 11], "texture": "#1"},
				"east": {"uv": [5, 14, 6, 15], "texture": "#0"},
				"south": {"uv": [13, 3, 14, 11], "texture": "#0"},
				"up": {"uv": [5, 14, 6, 15], "texture": "#0"},
				"down": {"uv": [5, 14, 6, 15], "texture": "#0"}
			}
		},
		{
			"name": "Cube",
			"from": [2, 5, 7.5],
			"to": [3, 13, 8.5],
			"faces": {
				"north": {"uv": [13, 3, 14, 11], "texture": "#1"},
				"south": {"uv": [13, 3, 14, 11], "texture": "#0"},
				"west": {"uv": [5, 14, 6, 15], "texture": "#0"},
				"up": {"uv": [5, 14, 6, 15], "texture": "#0"},
				"down": {"uv": [5, 14, 6, 15], "texture": "#0"}
			}
		}
	],
	"display": {
		"thirdperson_righthand": {
			"translation": [0, 3, 1],
			"scale": [0.55, 0.55, 0.55]
		},
		"firstperson_righthand": {
			"rotation": [0, -90, 25],
			"translation": [1.13, 3.2, 1.13],
			"scale": [0.68, 0.68, 0.68]
		},
		"ground": {
			"translation": [0, 2, 0],
			"scale": [0.5, 0.5, 0.5]
		},
		"head": {
			"rotation": [0, 180, 0],
			"translation": [0, 13, 7]
		},
		"fixed": {
			"rotation": [0, 180, 0]
		}
	}
}